brandname,official site,certifications,stores
100% Pure,,,
14e Cosmetics,,,
35 Thousand,,,
3INA,,,
54 Thrones,,,
A.P. Chem,,,
Abba,,,
About-Face,,,
Acure,,,
Adorn Cosmetics,,,
Adwoa Beauty,,,
Aesop,,,
af94,,,
Afterglow Cosmetics,,,
AG Hair,,,
Aila Cosmetics,,,
Alaffia,,,
Alba Botanica,,,
Alder New York,,,
Alima Pure,,,
Alleyoop,,,
Alpha-H,,,
alphée,,,
Alpyn Beauty,,,
Altruist,,,
Amâz Active Skincare,,,
Amika,,,
Anastasia Beverly Hills,,,
Andalou Naturals,,,
Annabelle,,,
Anomaly,,,
Anthony,,,
Antipodes,,,
Antonym,,,
ARCONA,,,
Arctic Fox,,,
Ardell,,,
Ardency Inn,,,
Arkive Headcare,,,
Aromatica,,,
Arquiste,,,
As I Am,,,
AspenClean,,,
Astonish,,,
Athar´a Pure,,,
Athr Beauty,,,
Attitude,,,
Au Naturale,,,
Aubrey Organics,,,
Auric,,,
Auromère,,,
Aussie,,,
Australian Gold,,,
Australis,,,
Avalea,,,
Avalon Organics,,,
Aveda,,,
Averr Aglow,,,
Axiology,,,
AXIS-Y,,,
Babo Botanicals,https://www.babobotanicals.com/,Cruelty-free Clean Beauty PETA,
Badger,https://www.badgerbalm.com/,Cruelty-free Choose Cruelty-free Leaping Bunny PETA,
BaeBlu,,,
Bali Body,,,
Bali Lash,,,
Balm Balm,,,
Bare Hands,,,
barefoot SCIENTIST,,,
bareLUXE Skincare,,,
bareMinerals,,,
Barry M,,,
basd,,,
Be Kind Beauty,,,
Beast,,,
Beauty Favours,,,
Beauty of Joseon,,,
Beauty Without Cruelty,,,
BeautyBio,,,
Beautyblender,,,
BeautyStat,,,
Becca,,,
Beekman 1802,,,
Bella Vida Santa Barbara,,,
Bellapierre,,,
Ben Nye,,,
Benecos,,,
Benton,,,
Besame,,,
Better & Better,,,
Better Not Younger,,,
BH Cosmetics,,,
Billie Eilish Fragrances,,,
Billy Jealousy,,,
bioClarity,https://www.bioclarity.com/,Cruelty-free 100% Vegan Leaping Bunny,
Biolage,,,
Biöm,https://betterbiom.com/,Cruelty-free 100% Vegan Partner,
BioSilk,https://biosilk.com/,Cruelty-free Leaping Bunny,
Biossance,https://biossance.com/,Cruelty-free 100% Vegan Clean Beauty Leaping Bunny,
Bite Beauty,,,
Black Radiance,,,
Blinc,,,
Bliss,,,
Blissoma,,,
BLK/OPL,,,
Blume,,,
Bomb Cosmetics,,,
Bondi Sands,,,
Booda Organics,https://www.boodaorganics.com/,Cruelty-free 100% Vegan Clean Beauty Organic Leaping Bunny PETA,
Boots,,,
Boscia,,,
Bossy Cosmetics,,,
Botana,,,
Botanic Tree,,,
Botanics,,,
Boulder Clean,,,
Brandefy Skin,,,
brandname,official site,certifications,stores
Bread Beauty Supply,,,
Briogeo,,,
BUBBLE Skincare,,,
Bulldog,,,
Bumble and bumble,,,
Burt’s Bees,,,
buttah.,,,
Butter London,,,
Buxom,,,
By Beauty Bay,,,
By Rosie Jane,,,
By Wishtrend,,,
BYBI Beauty,,,
Byoma,,,
C.O. Bigelow,,,
Cailyn Cosmetics,,,
Cake,,,
California Tan,,,
Caliray,,,
Captain Blankenship,,,
Carbon Theory,,,
Cargo,,,
Carol’s Daughter,,,
Caswell-Massey,,,
Cate McNabb,,,
Catrice,,,
Cela,,,
Celeb Luxury,,,
Ceramedx,,,
Ceremonia,,,
Certain Dri,,,
Chantecaille,,,
Charlotte Tilbury,,,
Cheekbone Beauty,,,
Chi Chi Cosmetics,,,
CHI,,,
Chiki Buttah,,,
China Glaze,,,
Christophe Robin,,,
Ciaté,,,
City Beauty,,,
CLE Cosmetics,,,
Clean,,,
Cleancult,,,
CleanWell,,,
Cleo+Coco,,,
Clove + Hallow,,,
Coco & Eve,,,
Cocofloss,,,
Cocokind,,,
Coconut Matter,,,
Color Dept.,,,
Coloured Raine,,,
Colourpop,,,
Community Sixty Six,,,
Conair,,,
Concrete Minerals,,,
COOLA,,,
Copycat Beauty,,,
Cosmedix,,,
Cosmoss,,,
COSRX,,,
Cover FX,,,
Covergirl,,,
Crazy Color,,,
Crazy Rumors,,,
Cremo,,,
Crépe Erase,,,
Crystal,,,
Curlsmith,,,
Curology,,,
D.S. & Durga,,,
Dae,,,
DAMDAM,,,
Danessa Myricks,,,
Das Boom,,,
Davids,,,
De Mamiel,,,
Dear, Klairs,,,
Deborah Lippmann,,,
Deck of Scarlet,,,
Deco Miami,,,
Deep Steep,,,
DefineMe Fragrance,,,
Delicate Daisys Botanical Beauty,,,
delilah,,,
Derma E,,,
Dermablend,,,
DERMAdoctor,,,
Dermalogica,,,
DermOrganic,,,
Desert Essence,,,
DevaCurl,,,
DeVita,,,
Dezi Skin,,,
Dial,,,
Dinobi,,,
Dionis,,,
Doll 10,,,
dome BEAUTY,,,
Dose Of Colors,,,
Dotted Zebra,,,
Double Dare,,,
Dove,,,
dpHUE,,,
Dr Teal’s,,,
Dr. Alkaitis,,,
Dr. Barbara Sturm,,,
Dr. Bronner’s,,,
Dr. Dennis Gross,,,
Dr. Hauschka,,,
Dr. Loretta,,,
Dr. PAWPAW,,,
Drunk Elephant,,,
Drybar,,,
DuWop,http://duwopcosmetics.com/,,
Earth Breeze,,,
Earth Harbor,,,
Earth Tu Face,,,
Earth’s Beauty,,,
Earths Laundry,,,
EasterMia,,,
Eau de Juice,,,
Ecco Bella,https://www.eccobella.com/,Cruelty-free Organic PETA,
Eco Lips,https://ecolips.com/,Cruelty-free Leaping Bunny PETA,
Eco Me,https://eco-me.com/,Cruelty-free 100% Vegan Leaping Bunny,
EcoColors,https://www.ecocolors.net/,Cruelty-free,
ECOS,http://ecos.com/,Cruelty-free 100% Vegan Leaping Bunny PETA,
EcoTools,https://ecotools.com/,Cruelty-free 100% Vegan PETA,
Ecover,https://www.ecover.com/,Cruelty-free 100% Vegan Leaping Bunny,
Eczema Honey,https://rstyle.me/+yC4upJkoUmGFJBYLmnb8LA,Cruelty-free Leaping Bunny,
Edible Beauty,https://ediblebeautyaustralia.com/,Cruelty-free 100% Vegan,
Edward Bess,https://edwardbess.com/,Edward Bess,Cruelty-free,
elaluz,https://www.elaluz.com/,Cruelty-free 100% Vegan Leaping Bunny,
Elate,https://www.elatecosmetics.ca/,Cruelty-free 100% Vegan Clean Beauty Organic Leaping Bunny PETA,
Eleven Australia,https://elevenaustralia.com/,Cruelty-free PETA,
elf,,,
Elizabeth Grant,,,
Ella + Mila,,,
Ellis Faas,,,
Ellovi,,,
Em Cosmetics,,,
Emani,,,
Embryolisse,,,
Eminence Organic Skincare,,,
EO Products,,,
EOS,,,
Epic Blend,,,
Ere Perez,,,
Essence,,,
Estate Cosmetics,,,
Estrid,,,
Ethique,,,
Eva Nyc,,,
evanhealy,,,
Everyday Minerals,,,
everyone,,,
Evolve Organic Beauty,,,
EVOLVh,,,
Exa Beauty,,,
Eyeko,,,
Fable & Mane,,,
Face Atelier,,,
Facetheory,,,
Faith in Nature,,,
Farmacy Beauty,,,
Farsali,,,
Fat and the Moon,,,
Fekkai,,,
Fenty Beauty,,,
Fenty Skin,,,
Finding Ferdinand,,,
Fiona Stiles,,,
Fior Minerals,,,
First Aid Beauty,,,
Fitglow Beauty,,,
Flamingo,,,
Flawless Lashes by Loreta,,,
Fleur & Bee,,,
Flora + Bast,,,
Floral Street,,,
Florence by Mills,,,
Floris London,,,
Flower,,,
Follain,,,
Forager Botanicals,,,
Formula 10.0.6,,,
Formulary 55,,,
Frank Body,,,
Freck Beauty,,,
French Girl,,,
Function of Beauty,,,
Fur,,,
Furless,,,
Gabriel Cosmetics,,,
Garnier,,,
Gerard Cosmetics,,,
GiGi,,,
Giovanni,,,
Girlactik,,,
Gisou,,,
Glo Skin Beauty,,,
Gloss Moderne,,,
Glossier,,,
Glow Jar Beauty,,,
Glow Recipe,,,
Gold Bond,,,
Good Dye Young,,,
Good Molecules,,,
goodlight,,,
Goodness,,,
goPure Beauty,,,
GOSH,,,
Grande Cosmetics,,,
Graydon,,,
Green Label Goods,,,
Gressa,,,
Grounded Sage,,,
Grown Alchemist,,,
GXVE,,,
Gypsy Women Soap Co.,,,
Habit,,,
Hairitage by Mindy,,,
Hairstory,,,
Hally,,,
HAN,,,
Hana Organic Skincare,,,
Hard Candy,,,
Harlem Botanica,,,
Harry’s,,,
Harvey Prince Organics,,,
Hask,,,
Haus Laboratories,,,
Hawiian Tropic,,,
Hello Products,,,
Hempme,,,
Hempz,,,
Herbal Essences,,,
Herbatint,,,
Herbivore Botanicals,,,
Hero Cosmetics,,,
Honore Des Pres,,,
Hourglass,,,
House of Lashes,,,
Huda Beauty,,,
Hurraw!,,,
Huygens,,,
Hynt Beauty,,,
I Am Selfcare,,,
I’m From,,,
IGK,,,
Il Makiage,,,
Iles Formula,,,
ILIA,,,
Illamasqua,,,
Indie Lee,,,
Infuse by Casabella,,,
Inglot,,,
Inika,,,
Innersense,,,
INNERSOUL,,,
InstaNatural,,,
Isle of Paradise,,,
Isntree,,,
IT Cosmetics,,,
It’s a 10,,,
iUNIK,,,
J. Cat Beauty,,,
Jacq´s,,,
Jane Iredale,,,
Jane,,,
Japonesque,,,
Jason Wu Beauty,,,
JASON,,,
Jecca Blac,,,
Jeffree Star,,,
JINsoon,,,
JLo Beauty,,,
John Masters Organics,,,
Joico,,,
Jolie Vegan,,,
Jones Road Beauty,,,
Jordana,,,
Josh Rosebrook,,,
Josie Maran,,,
Jouer,,,
Juice Beauty,,,
Julep,,,
Juvia´s Place,,,
JVN Hair,,,
K18 Hair,,,
Kadalys,,,
Kahina Giving Beauty,,,
Kaia Naturals,,,
Kaja,,,
Kari Gran,,,
Kate McLeod,,,
Kate Somerville,,,
Kayali,,,
Kaylaan,,,
Kear,,,
Kenra,,,
Kesha Rose Beauty,,,
Kester Black,,,
Kevin Murphy,,,
Kiko,,,
Kind Laundry,,,
KINDri Los Angeles,,,
Kinship,,,
Kiss My Face,,,
Kjaer Weis,,,
KKW Beauty,,,
Koh Gen Do,,,
Kopari Beauty,,,
Kora Organics,,,
Korres,,,
Kosas,,,
Krave Beauty,,,
Kreyol Essence,,,
Kri Skincare,,,
Kristin Ess,,,
Kryolan,,,
Kure Bazaar,,,
KVD Vegan Beauty,,,
Kylie Cosmetics,,,
Kylie Skin,,,
KYPRIS,,,
LA Colors,,,
La Fleur by Livvy,,,
LA Girl,,,
Lamik Beauty,,,
Lancer,,,
Lano,,,
Lather,,,
Laura Geller,,,
Lauren B. Beauty,,,
Lavanila,,,
Lawless,,,
Le Couvent Des Minimes,,,
Le Labo,,,
Le Petit Olivier,,,
Level Naturals,,,
Lexli,,,
LH Cosmetics,,,
Lilah B.,,,
Lily Lolo,,,
LilyAna Naturals,,,
Lime Crime,,,
Lina Hanson,,,
Lit Cosmetics,,,
Little Seed Farm,,,
Live Clean,,,
Live Tinted,,,
Living Proof,,,
Liz Earle,,,
LolaVie,,,
Loli Beauty,,,
Lolita Lempicka,,,
Lotus Wei,,,
Love Sun Body,,,
Lovefresh,,,
Lovesong Beauty,,,
Lulu Organics,,,
Lunar Beauty,,,
Lurk,,,
LUSH,,,
LVX,,,
Lys Beauty,,,
Mad Hippie,,,
Madara Cosmetics,,,
Madison Reed,,,
Maëlys Cosmetics,,,
MAHALO,,,
Maison Louis Marie,,,
Makeup By Mario,,,
Makeup Geek,,,
Makeup Revolution,,,
Manic Panic,,,
Marc Jacobs Beauty,,,
Marcelle,,,
Maria Nila,,,
Marie Hunter Beauty,,,
Mario Badescu,,,
Marks & Spencer,,,
Marula,,,
May Lindstrom,,,
Mayraki Professional,,,
ME Cosmetics,,,
Meaningful Beauty,,,
Mehron,https://www.mehron.com/,Cruelty-free PETA,
Melanin Haircare,https://melaninhaircare.com/,Cruelty-free 100% Vegan,
Melody’s Magical Scents,https://www.melodysmagicalscents.com/,Cruelty-free 100% Vegan Organic Partner,
Melt Cosmetics,,,
Mented Cosmetics,,,
Meow Meow Tweet,,,
Merit,,,
Merle Norman,,,
Method,,,
Milani,,,
Milk Makeup,,,
Mineral Fusion,,,
Miracle Made,,,
Molly’s Suds,,,
Molton Brown,,,
MONDAY,,,
Moroccanoil,,,
Mrs. Meyer´s,,,
Mukti,,,
MUN,,,
Murad,,,
Muri Lelu,,,
MV Skintherapy,,,
My Daughter Fragrances,,,
MyChelle,,,
Nabla Cosmetics,,,
Nad’s,,,
Nani Pua,,,
Natasha Denona,,,
Natio,,,
Native,,,
Natura Siberica,,,
Natura,,,
Nature Clean,,,
Nature’s Gate,,,
NCLA,,,
Nellie’s,,,
NEST Fragrances,,,
Nip+Fab,,,
No B.S.,,,
No7,,,
Not Your Mother’s,,,
Noughty,,,
Nourish Organic,,,
Nubian Heritage,,,
Nude By Nature,,,
Nude Skincare,,,
Nudestix,,,
nyl,,,
NYX,,,
Odacité,,,
Odylique,,,
OFRA Cosmetics,,,
Oil Divine,,,
Olaplex,,,
Ole Henriksen,,,
Omayma Skin,,,
Omorovicza,,,
One Love Organics,,,
One/Size,,,
OOO Polish,,,
Organic Bath Co,,,
Oribe,,,
Orly,,,
Osea Malibu,,,
Oshun Organics,,,
Ouai,,,
Oui the People,,,
Ouidad,,,
Out of Africa,,,
oVertone,,,
OZ Naturals,,,
P Louise,,,
Pacifica,,,
Pai,,,
Painted Earth,,,
Palladio,,,
Pangea Organics,,,
ParadiseGal,,,
Parissa,,,
Patchology,,,
Patrick Ta,,,
Paul Mitchell,,,
Paula’s Choice,,,
Peace Out,,,
Peach & Lily,,,
Peach Slices,,,
Penhaligon’s,,,
People Of Color Beauty,,,
Perfekt,,,
Perricone MD,,,
Phil Smith Be Gorgeous,,,
Phlur,,,
Physicians Formula,,,
Pink Chawkulit,,,
Pinrose,,,
PiperWai,,,
Pixi,,,
Plant Apothecary,,,
Pleni,,,
Pour Le Monde,,,
Pravana,,,
Pretty Frank,,,
Primark,,,
Priti NYC,,,
Prose,,,
Proven Skincare,,,
Province Apothecary,,,
Pupa Milano,,,
PUR Cosmetics,,,
Puracy,,,
Pure & Gentle,,,
Pure Anada,,,
Pure Culture Beauty,,,
Pureology,,,
PURITO,,,
Purlisse,,,
PYT Beauty,,,
QMBeautique,,,
Queen Helene,,,
Queen Street Apothecary,,,
Quo Beauty,,,
r.e.m. beauty,,,
Radical Skincare,,,
Rahua,,,
RANAVAT,,,
Range Beauty,,,
Rare Beauty,,,
Rare Elements,,,
Raw Sugar,,,
RCMA,,,
re:p,,,
Real Simple Clean,,,
Real Techniques,,,
Red Apple Lipstick,,,
REFY,,,
REN,,,
Renee Rouleau,,,
Reverie,,,
Revive7 Science,,,
rhode,,,
Rimmel London,,,
Rinna Beauty,,,
Rita Hazan,,,
Rituals,,,
Rituel de Fille,,,
RMS Beauty,,,
Rodial,,,
Root Science,,,
Rose Inc,,,
Rosebud Perfume Company,,,
Rouge Bunny Rouge,,,
Rovectin,,,
S.W. Basics,,,
S’ABLE Labs,,,
Sachajuan,,,
Saie,,,
SAINT Cosmetics,,,
Saint Jane,,,
Sand & Sky,,,
Sappho New Paradigm,,,
Saranghae,,,
Saturday Skin,,,
Scentuals,,,
Schmidt’s Naturals,,,
Scotch Naturals,,,
Seche,,,
SEEN,,,
Selfless By Hyram,,,
Seventh Generation,,,
Shani Darden,,,
SheaMoisture,,,
Sibu,,,
Sienna Byron Bay,,,
Silk Naturals,,,
Simple,,,
Simpli Skin MD,,,
Sioris,,,
Skin Laundry,,,
Skinblossom,,,
Skinfix,,,
Skinny & Co,,,
Skylar,,,
skyn ICELAND,,,
Sleek,,,
Smashbox,,,
Smith & Cult,,,
Soap & Glory,,,
Soapwalla,,,
Sol de Janeiro,,,
Something More,,,
Sonia Kashuk,,,
SpaRitual,,,
St. Ives,,,
St. Tropez,,,
Standard Self Care,,,
Starface,,,
Stargazer,,,
Stella McCartney,,,
Stella,,,
Stellar Beauty,,,
Stila,,,
Strange Invisible,,,
strb.,,,
Studio Makeup,,,
Suave,,,
Sugarpill,,,
Suki,,,
Sukin,,,
Summer Fridays,,,
Sun Bum,,,
Sunday II Sunday,,,
Sunday Riley,,,
SUNNIE Skin,,,
Suntegrity,,,
Super Deodorant,,,
Superdrug,,,
Supergoop!,,,
Supersmile,,,
Susteau,,,
Suva Beauty,,,
Sweet Chef,,,
Tan Luxe,,,
Tanologist,,,
Tarte,,,
Tata Harper,,,
TATCHA,,,
TEK,,,
Terra Beauty Bars,,,
Terrakai Skin,,,
The 7 Virtues,,,
The Beauty Chef,,,
The Body Shop,,,
The Creme Shop,,,
The Green Beaver Company,,,
The Honey Pot Co,,,
The Inkey List,,,
The Ordinary,,,
The Outset,,,
The Quick Flick,,,
The Route,,,
The Seaweed Bath Co.,,,
The Vegan Glow,,,
theBalm,,,
Then I Met You,,,
Thesis,,,
Thinkbaby,,,
Thinksport,,,
This is L.,,,
Three Ships Beauty,,,
Thrive Causemetics,,,
TO112,,,
Tom’s of Maine,,,
Tony Moly,,,
Too Faced,,,
Tower 28,,,
Trader Joe’s,,,
Tree Hut,,,
Tresemme,,,
trèStiQue,,,
Trilogy,,,
Trish McEvoy,,,
True Moringa,,,
Trufora,,,
Truly,,,
Trust Fund Beauty,,,
Tsi-La,,,
Tula,,,
Typology,,,
Ulta Beauty Collection,https://www.ulta.com/brand/ulta-beauty-collection,Cruelty-free PETA,
Umberto Giannini,,,
Undone Beauty,,,
Unicorn Gang Shop,,,
Unpaste,,,
UnSun,,,
Uoma Beauty,,,
UpCircle,,,
Urban Decay,,,
Urban Skin Rx,,,
Urban Veda,https://www.urbanveda.com/gb/,Cruelty-free 100% Vegan Leaping Bunny PETA,
URGO Beauty,https://www.urgobeauty.com/,Cruelty-free 100% Vegan Partner Leaping Bunny,
Ursa Major,https://www.ursamajorvt.com/,Cruelty-free Clean Beauty Leaping Bunny,
Vacation,https://www.vacation.inc/,Cruelty-free 100% Vegan Leaping Bunny,
Vamigas,https://www.vamigas.com/,Cruelty-free 100% Vegan Organic Partner Leaping Bunny,
Vapour Organic Beauty,https://vapourbeauty.com/,Cruelty-free Clean Beauty Organic Leaping Bunny,
Vasanti Cosmetics,https://vasanticosmetics.com/, Cruelty-free 100% Vegan Partner PETA,
VEGAMOUR,https://vegamour.com/pages/reviews,Cruelty-free 100% Vegan, Partner Leaping Bunny,
Velour,https://rstyle.me/+CU3cYBbOlM_heG_dm7JpJw,Cruelty-free 100% Vegan Leaping Bunny,
Verb,http://www.verbproducts.com/,Cruelty-free PETA,
Vered Organic Botanicals,https://www.veredbotanicals.com/,Cruelty-free Clean Beauty Organic Leaping Bunny PETA,
Vernon Francois,https://us.vernonfrancois.com/,Cruelty-free,
Versed,https://versedskin.com/,Cruelty-free 100% Vegan Leaping Bunny,
Vesca Beauty,https://www.vescabeauty.com/,Cruelty-free 100% Vegan,
Victoria Beckham Beauty,https://www.victoriabeckhambeauty.com/,Cruelty-free,
Vintner’s Daughter,https://vintnersdaughter.com/,Cruelty-free Clean Beauty Organic Leaping Bunny,
Viori,https://viori.com/,Cruelty-free 100% Vegan Leaping Bunny,
Virtue,https://www.virtuelabs.com/, Cruelty-free Leaping Bunny,
Vitruvi,https://vitruvi.com/,Cruelty-free 100% Vegan Organic,
Voir Haircare,https://voirhair.com/,Cruelty-free Leaping Bunny,
Volition Beauty,https://volitionbeauty.com/,Cruelty-free PETA,
W3ll People,https://bit.ly/38gk36J,Cruelty-free Clean Beauty Leaping Bunny PETA,
Wabi-Sabi,https://wabisabibotanicals.com/,Cruelty-free 100% Vegan PETA,
Wander Beauty,https://www.wanderbeauty.com/,Cruelty-free,
We Are Paradoxx,https://www.weareparadoxx.com/,Cruelty-free 100% Vegan Leaping Bunny PETA,
We Love Eyes,https://www.weloveeyes.com/,Cruelty-free 100% Vegan Organic Leaping Bunny,
Weleda,https://www.weleda.com/international,Cruelty-free,
WEN by Chaz Dean,https://www.wen.com/,Cruelty-free Leaping Bunny,
Westman Atelier,https://www.westman-atelier.com/,Cruelty-free,
Wet n Wild,https://rstyle.me/+WbgWRSUC7UJH2CLZhwTZzw,Cruelty-free PETA,
Whamisa,https://us.whamisa.com/,Cruelty-free,
Whish,https://whishbody.com/,Cruelty-free Organic Leaping Bunny,
Whole Foods (365),https://www.365bywholefoods.com/,Cruelty-free,
Winky Lux,https://rstyle.me/+XN6kvJyGE07h5jB9al68wA,Cruelty-free PETA,
Wishful,https://hudabeauty.com/us/en_US/wishful,Cruelty-free,
Wit & West Perfumes,https://witandwest.com/,Cruelty-free 100% Vegan Partner Leaping Bunny,
WLDKAT,https://wldkat.com/,Cruelty-free 100% Vegan Leaping Bunny,
Wunderbrow,http://www.wunderbrow.com/,Cruelty-free Leaping Bunny,
Yarok,https://yarokhair.com/,Cruelty-free 100% Vegan Clean Beauty Organic Leaping Bunny PETA,
Yes To,http://yesto.com/,Cruelty-free Leaping Bunny PETA,
Yodi Beauty,https://www.yodibeauty.com/en/,Cruelty-free 100% Vegan,
Youngblood,http://youngbloodmineralcosmetics.com.au/,Cruelty-free PETA,
Youth To The People,https://www.youthtothepeople.com/,Cruelty-free 100% Vegan Clean Beauty Organic Leaping Bunny PETA,
YUNI Beauty,https://www.yunibeauty.com/,Cruelty-free 100% Vegan Clean Beauty Leaping Bunny
Zao Organic,https://zaoorganicmakeup.com/,Cruelty-free 100% Vegan,
Zitsticka,https://zitsticka.com.au/,Cruelty-free,
Zoeva,https://www.zoevacosmetics.com/,Cruelty-free,
Zoya,http://zoya.com/,Cruelty-free 100% Vegan,
Zuii Organic,http://www.zuiiorganic.com/,Cruelty-free PETA,
ZuZu Luxe,https://gabrielcosmeticsinc.com/brand/zuzu-luxe/,Clean Beauty Leaping Bunny PETA,